{
    "Average metrics for merged PRs": {
        "comments": 7.919195612431444,
        "additions": 1023.0687385740403,
        "deletions": 118.18811700182815,
        "changed_files": 13.840402193784278,
        "user_review_comments": 11.86691042047532,
        "user_conversation_comments": 7.0736745886654475,
        "total_user_comments": 18.94058500914077,
        "unique_user_commenters": 3.8681901279707493
    },
    "Average metrics for closed PRs": {
        "comments": 6.255974842767295,
        "additions": 2250.6960167714883,
        "deletions": 1722.0708595387841,
        "changed_files": 35.42746331236897,
        "user_review_comments": 5.90587002096436,
        "user_conversation_comments": 5.060796645702306,
        "total_user_comments": 10.966666666666667,
        "unique_user_commenters": 3.0983228511530396
    }
}