{
    "Overview": {
        "merged_count": 27,
        "closed_count": 1894,
        "total": 1921,
        "merged_percent": 1.41,
        "closed_percent": 98.59
    },
    "Average metrics for merged PRs": {
        "commits": 1.41,
        "additions": 81.59,
        "deletions": 20.63,
        "changed_files": 3.48,
        "user_review_comments": 1.15,
        "user_conversation_comments": 8.67,
        "total_user_comments": 9.81,
        "unique_user_commenters": 2.89
    },
    "Average metrics for closed PRs": {
        "commits": 5.39,
        "additions": 263.38,
        "deletions": 176.42,
        "changed_files": 12.49,
        "user_review_comments": 2.73,
        "user_conversation_comments": 6.37,
        "total_user_comments": 9.1,
        "unique_user_commenters": 2.63
    },
    "Factors (closed -> merged)": {
        "commits": 3.82,
        "additions": 3.23,
        "deletions": 8.55,
        "changed_files": 3.59,
        "user_review_comments": 2.37,
        "user_conversation_comments": 0.73,
        "total_user_comments": 0.93,
        "unique_user_commenters": 0.91
    },
    "U-Test (closed -> merged)": {
        "commits": {
            "Cliff's Delta": 0.27304548476670965,
            "p value": 0.008749461284697096
        },
        "additions": {
            "Cliff's Delta": 0.009249481794360248,
            "p value": 0.9342712767194876
        },
        "deletions": {
            "Cliff's Delta": 0.11402479565098367,
            "p value": 0.30765939405489473
        },
        "changed_files": {
            "Cliff's Delta": 0.1910516641245259,
            "p value": 0.08320191535229898
        },
        "user_review_comments": {
            "Cliff's Delta": 0.17347178223630166,
            "p value": 0.07092359429474548
        },
        "user_conversation_comments": {
            "Cliff's Delta": -0.10422777582228482,
            "p value": 0.35015836711983284
        },
        "total_user_comments": {
            "Cliff's Delta": 0.007626422621142881,
            "p value": 0.9457074386195823
        },
        "unique_user_commenters": {
            "Cliff's Delta": -0.08962024326332674,
            "p value": 0.4135534751337383
        }
    }
}