{
    "Overview": {
        "merged_count": 337,
        "closed_count": 454,
        "total": 791,
        "merged_percent": 42.6,
        "closed_percent": 57.4
    },
    "Average metrics for merged PRs": {
        "commits": 8.82,
        "additions": 251.87,
        "deletions": 66.02,
        "changed_files": 5.49,
        "user_review_comments": 1.39,
        "user_conversation_comments": 2.47,
        "total_user_comments": 3.86,
        "unique_user_commenters": 1.92
    },
    "Average metrics for closed PRs": {
        "commits": 4.43,
        "additions": 108.85,
        "deletions": 54.53,
        "changed_files": 4.3,
        "user_review_comments": 0.93,
        "user_conversation_comments": 2.53,
        "total_user_comments": 3.46,
        "unique_user_commenters": 2.24
    },
    "Factors (closed -> merged)": {
        "commits": 0.5,
        "additions": 0.43,
        "deletions": 0.83,
        "changed_files": 0.78,
        "user_review_comments": 0.67,
        "user_conversation_comments": 1.02,
        "total_user_comments": 0.9,
        "unique_user_commenters": 1.17
    },
    "U-Test (closed -> merged)": {
        "commits": {
            "Cliff's Delta": -0.3216447273820573,
            "p value": 1.4872240847841434e-15
        },
        "additions": {
            "Cliff's Delta": -0.04656270016601527,
            "p value": 0.2619344609216737
        },
        "deletions": {
            "Cliff's Delta": 0.030706283742271134,
            "p value": 0.455025724428746
        },
        "changed_files": {
            "Cliff's Delta": -0.03287624674832346,
            "p value": 0.4104316321419258
        },
        "user_review_comments": {
            "Cliff's Delta": -0.058778546124785946,
            "p value": 0.08629821161113216
        },
        "user_conversation_comments": {
            "Cliff's Delta": 0.11113870769552547,
            "p value": 0.0062005205620875425
        },
        "total_user_comments": {
            "Cliff's Delta": 0.061562896247009835,
            "p value": 0.13370502899413392
        },
        "unique_user_commenters": {
            "Cliff's Delta": 0.09338684165806099,
            "p value": 0.021956686452823174
        }
    }
}