{
    "Overview": {
        "merged_count": 586,
        "closed_count": 2155,
        "total": 2741,
        "merged_percent": 21.38,
        "closed_percent": 78.62
    },
    "Average metrics for merged PRs": {
        "commits": 4.35,
        "additions": 237.18,
        "deletions": 102.16,
        "changed_files": 7.82,
        "user_review_comments": 4.85,
        "user_conversation_comments": 6.95,
        "total_user_comments": 11.81,
        "unique_user_commenters": 3.59
    },
    "Average metrics for closed PRs": {
        "commits": 3.55,
        "additions": 550.18,
        "deletions": 270.76,
        "changed_files": 7.93,
        "user_review_comments": 1.68,
        "user_conversation_comments": 4.65,
        "total_user_comments": 6.33,
        "unique_user_commenters": 2.87
    },
    "Factors (closed -> merged)": {
        "commits": 0.82,
        "additions": 2.32,
        "deletions": 2.65,
        "changed_files": 1.01,
        "user_review_comments": 0.35,
        "user_conversation_comments": 0.67,
        "total_user_comments": 0.54,
        "unique_user_commenters": 0.8
    },
    "U-Test (closed -> merged)": {
        "commits": {
            "Cliff's Delta": -0.03802253668348077,
            "p value": 0.12416132434935152
        },
        "additions": {
            "Cliff's Delta": -0.08627527062233242,
            "p value": 0.0013352080105076324
        },
        "deletions": {
            "Cliff's Delta": -0.08217416437683611,
            "p value": 0.002145231204569718
        },
        "changed_files": {
            "Cliff's Delta": -0.147494912220964,
            "p value": 1.7006729128439978e-08
        },
        "user_review_comments": {
            "Cliff's Delta": -0.28024357989594795,
            "p value": 1.1633884832286247e-33
        },
        "user_conversation_comments": {
            "Cliff's Delta": -0.16633830365132285,
            "p value": 4.728875542502908e-10
        },
        "total_user_comments": {
            "Cliff's Delta": -0.26391517464741887,
            "p value": 6.738043224792348e-23
        },
        "unique_user_commenters": {
            "Cliff's Delta": -0.1803718631961546,
            "p value": 9.999282155958591e-12
        }
    }
}